Valor Real,Predicción
3.8,3.4530765422471204
2.37,2.7624270905838046
3.12,2.7862409619368878
3.05,3.3105845899909063
2.88,3.3547077016678646
3.64,3.498005795447511
2.87,3.0559122910457392
2.93,3.123108396727887
2.74,3.1224155572389654
3.65,3.3127583753550205
3.94,3.3403989311409767
3.62,3.3038264480333464
3.47,3.3725230442266474
3.9,3.469613230536739
3.93,3.5031885204987807
3.59,3.349390417207231
3.21,2.9147120683292957
3.9,3.3516319142602553
